,country,year,DPT
0,Afghanistan,2005,
1,Albania,2005,26.154
2,Algeria,2005,608.8729
3,American Samoa,2005,
4,Andorra,2005,
5,Angola,2005,275.3406
6,Anguilla,2005,
7,Antigua and Barbuda,2005,
8,Argentina,2005,309.8617
9,Armenia,2005,139.0241
10,Aruba,2005,
11,Australia,2005,883.431
12,Austria,2005,222.926
13,Azerbaijan,2005,475.2305
14,Bahamas,2005,
15,Bahrain,2005,772.7122
16,Bangladesh,2005,554.4186
17,Barbados,2005,
18,Belarus,2005,297.5185
19,Belgium,2005,276.13
20,Belize,2005,
21,Benin,2005,716.6075
22,Bermuda,2005,
23,Bhutan,2005,
24,Bolivia,2005,331.0731
25,Bosnia and Herzegovina,2005,796.3737
26,Botswana,2005,1595.2414
27,Brazil,2005,84.6521
28,British Virgin Islands,2005,
29,Brunei Darussalam,2005,804.3272
30,Bulgaria,2005,462.056
31,Burkina Faso,2005,
32,Burundi,2005,
33,Cambodia,2005,801.0415
34,Cameroon,2005,40.8756
35,Canada,2005,200.676
36,Cape Verde,2005,
37,Cayman Islands,2005,
38,Central African Republic,2005,
39,Chad,2005,
40,Chile,2005,319.727
41,China,2005,800.8365
42,Colombia,2005,133.4523
43,Comoros,2005,
44,Cook Islands,2005,
45,Costa Rica,2005,28.2377
46,Cote d'Ivoire,2005,459.7423
47,Croatia,2005,304.4527
48,Cuba,2005,832.2972
49,Curacao,2005,697.7877
50,Cyprus,2005,796.3358
51,Czech Republic,2005,534.048
52,Dem. Rep. Congo,2005,0.8697
53,Denmark,2005,294.404
54,Djibouti,2005,
55,Dominica,2005,
56,Dominican Republic,2005,639.9202
57,Ecuador,2005,347.1004
58,Egypt,2005,478.4111
59,El Salvador,2005,306.2042
60,Equatorial Guinea,2005,
61,Eritrea,2005,984.7083
62,Estonia,2005,720.597
63,Ethiopia,2005,3.3821
64,Faeroe Islands,2005,
65,Falkland Islands,2005,
66,Fiji,2005,
67,Finland,2005,192.082
68,France,2005,94.312
69,French Guiana,2005,
70,French Polynesia,2005,
71,Gabon,2005,381.4149
72,Gambia,2005,
73,Georgia,2005,110.809
74,Germany,2005,465.554
75,Ghana,2005,148.2687
76,Gibraltar,2005,746.9793
77,Greece,2005,789.414
78,Greenland,2005,
79,Grenada,2005,
80,Guadeloupe,2005,
81,Guam,2005,
82,Guatemala,2005,396.2543
83,Guinea,2005,
84,Guinea-Bissau,2005,
85,Guyana,2005,
86,Haiti,2005,310.2608
87,Holy See,2005,
88,Honduras,2005,413.081
89,Hong Kong,2005,768.78
90,Hungary,2005,343.832
91,Iceland,2005,0.449
92,India,2005,784.4979
93,Indonesia,2005,728.5055
94,Iran,2005,545.2507
95,Iraq,2005,795.4448
96,Ireland,2005,590.184
97,Isle of Man,2005,
98,Israel,2005,789.73
99,Italy,2005,452.624
100,Jamaica,2005,577.3684
101,Japan,2005,446.198
102,Jordan,2005,664.5489
103,Kazakhstan,2005,457.0377
104,Kenya,2005,257.7619
105,Kiribati,2005,
106,Kosovo,2005,1122.7703
107,Kuwait,2005,806.6153
108,Kyrgyzstan,2005,109.3882
109,Laos,2005,
110,Latvia,2005,162.6948
111,Lebanon,2005,595.9573
112,Lesotho,2005,
113,Liberia,2005,
114,Libya,2005,910.0975
115,Liechtenstein,2005,
116,Lithuania,2005,136.5312
117,Luxembourg,2005,319.444
118,Macao,2005,
119,Macedonia,2005,709.1672
120,Madagascar,2005,
121,Malawi,2005,
122,Malaysia,2005,662.1949
123,Maldives,2005,
124,Mali,2005,
125,Malta,2005,1044.2259
126,Marshall Islands,2005,
127,Martinique,2005,
128,Mauritania,2005,
129,Mauritius,2005,691.1303
130,Mayotte,2005,
131,Mexico,2005,531.298
132,Micronesia,2005,
133,Moldova,2005,385.7941
134,Monaco,2005,
135,Mongolia,2005,613.7523
136,Montenegro,2005,393.9871
137,Montserrat,2005,
138,Morocco,2005,843.3555
139,Mozambique,2005,1.3493
140,Myanmar,2005,398.4187
141,Namibia,2005,25.8639
142,Nauru,2005,
143,Nepal,2005,5.422
144,Netherlands,2005,404.471
145,Netherlands Antilles,2005,
146,New Caledonia,2005,
147,New Zealand,2005,238.838
148,Nicaragua,2005,486.0669
149,Niger,2005,640.646
150,Nigeria,2005,338.1838
151,Niue,2005,
152,Norfolk Island,2005,
153,North Korea,2005,531.8436
154,Northern Mariana Islands,2005,
155,Norway,2005,4.941
156,Oman,2005,696.248
157,Pakistan,2005,383.3272
158,Palau,2005,
159,Panama,2005,277.4459
160,Papua New Guinea,2005,
161,Paraguay,2005,0.0
162,Peru,2005,210.9176
163,Philippines,2005,498.9682
164,Pitcairn,2005,
165,Poland,2005,669.335
166,Portugal,2005,506.373
167,Puerto Rico,2005,
168,Qatar,2005,621.075
169,Republic of Congo,2005,103.8684
170,Reunion,2005,
171,Romania,2005,426.8086
172,Russia,2005,330.9291
173,Rwanda,2005,
174,Saint Helena,2005,
175,Saint Kitts and Nevis,2005,
176,Saint Lucia,2005,
177,Saint Pierre and Miquelon,2005,
178,Saint Vincent and the Grenadines,2005,
179,Samoa,2005,
180,San Marino,2005,
181,Sao Tome and Principe,2005,
182,Saudi Arabia,2005,744.7263
183,Senegal,2005,641.1483
184,Serbia,2005,660.8452
185,Seychelles,2005,
186,Sierra Leone,2005,
187,Singapore,2005,515.2234
188,Sint Maarten,2005,
189,Slovakia,2005,233.071
190,Slovenia,2005,351.377
191,Solomon Islands,2005,
192,Somalia,2005,
193,South Africa,2005,868.7792
194,South Korea,2005,468.555
195,South Sudan,2005,
196,Spain,2005,402.152
197,Sri Lanka,2005,480.9731
198,State of Palestine,2005,
199,Sudan,2005,621.2039
200,Suriname,2005,446.8406
201,Svalbard and Jan Mayen Islands,2005,
202,Swaziland,2005,
203,Sweden,2005,43.71
204,Switzerland,2005,47.782
205,Syria,2005,611.8121
206,Taiwan,2005,658.582
207,Tajikistan,2005,32.4979
208,Tanzania,2005,380.6385
209,Thailand,2005,540.8806
210,Timor-Leste,2005,
211,Togo,2005,355.5608
212,Tokelau,2005,
213,Tonga,2005,
214,Trinidad and Tobago,2005,763.5809
215,Tunisia,2005,470.549
216,Turkey,2005,433.874
217,Turkmenistan,2005,798.9309
218,Turks and Caicos Islands,2005,
219,Tuvalu,2005,
220,Uganda,2005,
221,Ukraine,2005,336.9029
222,United Arab Emirates,2005,847.9148
223,United Kingdom,2005,495.23
224,United States of America,2005,581.463
225,United States Virgin Islands,2005,
226,Uruguay,2005,103.8608
227,Uzbekistan,2005,473.9322
228,Vanuatu,2005,
229,Venezuela,2005,208.7095
230,Viet Nam,2005,452.4411
231,Wallis and Futuna Islands,2005,
232,Western Sahara,2005,
233,Yemen,2005,849.0621
234,Zambia,2005,6.421
235,Zimbabwe,2005,639.3644
236,Afghanistan,2006,
237,Albania,2006,25.7705
238,Algeria,2006,624.5442
239,American Samoa,2006,
240,Andorra,2006,
241,Angola,2006,262.7238
242,Anguilla,2006,
243,Antigua and Barbuda,2006,
244,Argentina,2006,332.6988
245,Armenia,2006,138.9859
246,Aruba,2006,
247,Australia,2006,882.184
248,Austria,2006,217.89
249,Azerbaijan,2006,461.447
250,Bahamas,2006,
251,Bahrain,2006,793.2601
252,Bangladesh,2006,571.4922
253,Barbados,2006,
254,Belarus,2006,297.8288
255,Belgium,2006,264.034
256,Belize,2006,
257,Benin,2006,704.9156
258,Bermuda,2006,
259,Bhutan,2006,
260,Bolivia,2006,327.9575
261,Bosnia and Herzegovina,2006,850.0905
262,Botswana,2006,1298.4578
263,Brazil,2006,81.7149
264,British Virgin Islands,2006,
265,Brunei Darussalam,2006,843.52
266,Bulgaria,2006,456.7582
267,Burkina Faso,2006,
268,Burundi,2006,
269,Cambodia,2006,804.6131
270,Cameroon,2006,83.5196
271,Canada,2006,201.182
272,Cape Verde,2006,
273,Cayman Islands,2006,
274,Central African Republic,2006,
275,Chad,2006,
276,Chile,2006,307.017
277,China,2006,798.8893
278,Colombia,2006,128.8469
279,Comoros,2006,
280,Cook Islands,2006,
281,Costa Rica,2006,55.7389
282,Cote d'Ivoire,2006,387.3457
283,Croatia,2006,311.8319
284,Cuba,2006,774.671
285,Curacao,2006,697.101
286,Cyprus,2006,765.7749
287,Czech Republic,2006,535.486
288,Dem. Rep. Congo,2006,3.9084
289,Denmark,2006,355.539
290,Djibouti,2006,
291,Dominica,2006,
292,Dominican Republic,2006,627.4098
293,Ecuador,2006,375.2062
294,Egypt,2006,472.8223
295,El Salvador,2006,314.8272
296,Equatorial Guinea,2006,
297,Eritrea,2006,971.5279
298,Estonia,2006,661.408
299,Ethiopia,2006,2.9434
300,Faeroe Islands,2006,
301,Falkland Islands,2006,
302,Fiji,2006,
303,Finland,2006,254.948
304,France,2006,87.638
305,French Guiana,2006,
306,French Polynesia,2006,
307,Gabon,2006,348.0985
308,Gambia,2006,
309,Georgia,2006,150.9115
310,Germany,2006,461.519
311,Ghana,2006,278.4503
312,Gibraltar,2006,758.2914
313,Greece,2006,739.528
314,Greenland,2006,
315,Grenada,2006,
316,Guadeloupe,2006,
317,Guam,2006,
318,Guatemala,2006,376.9881
319,Guinea,2006,
320,Guinea-Bissau,2006,
321,Guyana,2006,
322,Haiti,2006,308.2667
323,Holy See,2006,
324,Honduras,2006,268.8908
325,Hong Kong,2006,767.1188
326,Hungary,2006,342.735
327,Iceland,2006,0.411
328,India,2006,770.5995
329,Indonesia,2006,747.3966
330,Iran,2006,553.7822
331,Iraq,2006,645.986
332,Ireland,2006,541.605
333,Isle of Man,2006,
334,Israel,2006,787.63
335,Italy,2006,446.725
336,Jamaica,2006,489.9402
337,Japan,2006,435.01
338,Jordan,2006,629.7537
339,Kazakhstan,2006,580.789
340,Kenya,2006,269.5202
341,Kiribati,2006,
342,Kosovo,2006,1126.9611
343,Kuwait,2006,793.3912
344,Kyrgyzstan,2006,106.433
345,Laos,2006,
346,Latvia,2006,168.2233
347,Lebanon,2006,713.5143
348,Lesotho,2006,
349,Liberia,2006,
350,Libya,2006,890.4596
351,Liechtenstein,2006,
352,Lithuania,2006,138.5223
353,Luxembourg,2006,318.189
354,Macao,2006,
355,Macedonia,2006,706.7663
356,Madagascar,2006,
357,Malawi,2006,
358,Malaysia,2006,640.3208
359,Maldives,2006,
360,Mali,2006,
361,Malta,2006,963.7851
362,Marshall Islands,2006,
363,Martinique,2006,
364,Mauritania,2006,
365,Mauritius,2006,788.0651
366,Mayotte,2006,
367,Mexico,2006,509.614
368,Micronesia,2006,
369,Moldova,2006,372.2389
370,Monaco,2006,
371,Mongolia,2006,592.5801
372,Montenegro,2006,438.3415
373,Montserrat,2006,
374,Morocco,2006,832.9062
375,Mozambique,2006,1.0262
376,Myanmar,2006,377.6171
377,Namibia,2006,91.83
378,Nauru,2006,
379,Nepal,2006,3.7344
380,Netherlands,2006,396.638
381,Netherlands Antilles,2006,
382,New Caledonia,2006,
383,New Zealand,2006,233.438
384,Nicaragua,2006,527.1621
385,Niger,2006,569.9948
386,Nigeria,2006,367.963
387,Niue,2006,
388,Norfolk Island,2006,
389,North Korea,2006,543.588
390,Northern Mariana Islands,2006,
391,Norway,2006,6.148
392,Oman,2006,697.87
393,Pakistan,2006,416.5814
394,Palau,2006,
395,Panama,2006,313.5789
396,Papua New Guinea,2006,
397,Paraguay,2006,0.0
398,Peru,2006,184.8423
399,Philippines,2006,436.1468
400,Pitcairn,2006,
401,Poland,2006,676.419
402,Portugal,2006,422.512
403,Puerto Rico,2006,
404,Qatar,2006,619.6235
405,Republic of Congo,2006,103.181
406,Reunion,2006,
407,Romania,2006,448.8885
408,Russia,2006,335.0422
409,Rwanda,2006,
410,Saint Helena,2006,
411,Saint Kitts and Nevis,2006,
412,Saint Lucia,2006,
413,Saint Pierre and Miquelon,2006,
414,Saint Vincent and the Grenadines,2006,
415,Samoa,2006,
416,San Marino,2006,
417,Sao Tome and Principe,2006,
418,Saudi Arabia,2006,754.8204
419,Senegal,2006,733.7178
420,Serbia,2006,714.8555
421,Seychelles,2006,
422,Sierra Leone,2006,
423,Singapore,2006,503.7617
424,Sint Maarten,2006,
425,Slovakia,2006,227.111
426,Slovenia,2006,361.957
427,Solomon Islands,2006,
428,Somalia,2006,
429,South Africa,2006,848.4604
430,South Korea,2006,472.915
431,South Sudan,2006,
432,Spain,2006,373.668
433,Sri Lanka,2006,338.6713
434,State of Palestine,2006,
435,Sudan,2006,665.3736
436,Suriname,2006,314.4472
437,Svalbard and Jan Mayen Islands,2006,
438,Swaziland,2006,
439,Sweden,2006,47.499
440,Switzerland,2006,44.6
441,Syria,2006,617.1896
442,Taiwan,2006,666.8607
443,Tajikistan,2006,32.8429
444,Tanzania,2006,459.9472
445,Thailand,2006,516.1351
446,Timor-Leste,2006,
447,Togo,2006,463.2986
448,Tokelau,2006,
449,Tonga,2006,
450,Trinidad and Tobago,2006,726.3523
451,Tunisia,2006,494.8785
452,Turkey,2006,446.124
453,Turkmenistan,2006,798.9231
454,Turks and Caicos Islands,2006,
455,Tuvalu,2006,
456,Uganda,2006,
457,Ukraine,2006,352.3154
458,United Arab Emirates,2006,824.2294
459,United Kingdom,2006,518.805
460,United States of America,2006,553.233
461,United States Virgin Islands,2006,
462,Uruguay,2006,299.0511
463,Uzbekistan,2006,471.2509
464,Vanuatu,2006,
465,Venezuela,2006,215.9423
466,Viet Nam,2006,440.7966
467,Wallis and Futuna Islands,2006,
468,Western Sahara,2006,
469,Yemen,2006,797.0362
470,Zambia,2006,3.5979
471,Zimbabwe,2006,482.6052
472,Afghanistan,2007,
473,Albania,2007,31.3794
474,Algeria,2007,600.1951
475,American Samoa,2007,
476,Andorra,2007,
477,Angola,2007,303.4952
478,Anguilla,2007,
479,Antigua and Barbuda,2007,
480,Argentina,2007,379.6166
481,Armenia,2007,164.2884
482,Aruba,2007,
483,Australia,2007,871.273
484,Austria,2007,204.648
485,Azerbaijan,2007,529.5298
486,Bahamas,2007,
487,Bahrain,2007,756.2897
488,Bangladesh,2007,579.1353
489,Barbados,2007,
490,Belarus,2007,294.9487
491,Belgium,2007,253.518
492,Belize,2007,
493,Benin,2007,668.8182
494,Bermuda,2007,
495,Bhutan,2007,
496,Bolivia,2007,335.9885
497,Bosnia and Herzegovina,2007,998.4944
498,Botswana,2007,1298.8901
499,Brazil,2007,72.7561
500,British Virgin Islands,2007,
501,Brunei Darussalam,2007,742.8804
502,Bulgaria,2007,534.619
503,Burkina Faso,2007,
504,Burundi,2007,
505,Cambodia,2007,813.2599
506,Cameroon,2007,163.6225
507,Canada,2007,210.858
508,Cape Verde,2007,
509,Cayman Islands,2007,
510,Central African Republic,2007,
511,Chad,2007,
512,Chile,2007,383.025
513,China,2007,770.0181
514,Colombia,2007,129.2264
515,Comoros,2007,
516,Cook Islands,2007,
517,Costa Rica,2007,72.2397
518,Cote d'Ivoire,2007,411.0705
519,Croatia,2007,378.0413
520,Cuba,2007,756.8525
521,Curacao,2007,695.8193
522,Cyprus,2007,768.3186
523,Czech Republic,2007,560.772
524,Dem. Rep. Congo,2007,6.6668
525,Denmark,2007,326.489
526,Djibouti,2007,
527,Dominica,2007,
528,Dominican Republic,2007,619.2684
529,Ecuador,2007,337.1431
530,Egypt,2007,441.8708
531,El Salvador,2007,319.7073
532,Equatorial Guinea,2007,
533,Eritrea,2007,950.9722
534,Estonia,2007,759.584
535,Ethiopia,2007,44.3042
536,Faeroe Islands,2007,
537,Falkland Islands,2007,
538,Fiji,2007,
539,Finland,2007,241.299
540,France,2007,90.732
541,French Guiana,2007,
542,French Polynesia,2007,
543,Gabon,2007,428.0531
544,Gambia,2007,
545,Georgia,2007,165.3679
546,Germany,2007,481.586
547,Ghana,2007,363.2663
548,Gibraltar,2007,758.7032
549,Greece,2007,761.978
550,Greenland,2007,
551,Grenada,2007,
552,Guadeloupe,2007,
553,Guam,2007,
554,Guatemala,2007,374.2838
555,Guinea,2007,
556,Guinea-Bissau,2007,
557,Guyana,2007,
558,Haiti,2007,517.6966
559,Holy See,2007,
560,Honduras,2007,422.5804
561,Hong Kong,2007,788.6726
562,Hungary,2007,348.537
563,Iceland,2007,1.0
564,India,2007,796.9923
565,Indonesia,2007,780.0128
566,Iran,2007,550.8384
567,Iraq,2007,453.1167
568,Ireland,2007,515.042
569,Isle of Man,2007,
570,Israel,2007,783.593
571,Italy,2007,444.014
572,Jamaica,2007,620.2343
573,Japan,2007,467.917
574,Jordan,2007,591.4308
575,Kazakhstan,2007,498.81
576,Kenya,2007,258.2337
577,Kiribati,2007,
578,Kosovo,2007,1090.5115
579,Kuwait,2007,789.4296
580,Kyrgyzstan,2007,103.2729
581,Laos,2007,
582,Latvia,2007,164.9708
583,Lebanon,2007,668.8105
584,Lesotho,2007,
585,Liberia,2007,
586,Libya,2007,786.1088
587,Liechtenstein,2007,
588,Lithuania,2007,121.5502
589,Luxembourg,2007,321.023
590,Macao,2007,
591,Macedonia,2007,776.6612
592,Madagascar,2007,
593,Malawi,2007,
594,Malaysia,2007,651.1812
595,Maldives,2007,
596,Mali,2007,
597,Malta,2007,1022.1154
598,Marshall Islands,2007,
599,Martinique,2007,
600,Mauritania,2007,
601,Mauritius,2007,807.5915
602,Mayotte,2007,
603,Mexico,2007,513.374
604,Micronesia,2007,
605,Moldova,2007,390.242
606,Monaco,2007,
607,Mongolia,2007,630.5211
608,Montenegro,2007,469.0527
609,Montserrat,2007,
610,Morocco,2007,815.9758
611,Mozambique,2007,0.5574
612,Myanmar,2007,360.9387
613,Namibia,2007,107.0159
614,Nauru,2007,
615,Nepal,2007,2.4502
616,Netherlands,2007,405.939
617,Netherlands Antilles,2007,
618,New Caledonia,2007,
619,New Zealand,2007,198.32
620,Nicaragua,2007,538.486
621,Niger,2007,544.3856
622,Nigeria,2007,367.968
623,Niue,2007,
624,Norfolk Island,2007,
625,North Korea,2007,477.5197
626,Northern Mariana Islands,2007,
627,Norway,2007,6.742
628,Oman,2007,685.1414
629,Pakistan,2007,435.7383
630,Palau,2007,
631,Panama,2007,320.7443
632,Papua New Guinea,2007,
633,Paraguay,2007,0.0
634,Peru,2007,200.5914
635,Philippines,2007,449.965
636,Pitcairn,2007,
637,Poland,2007,677.192
638,Portugal,2007,388.602
639,Puerto Rico,2007,
640,Qatar,2007,568.1993
641,Republic of Congo,2007,102.1916
642,Reunion,2007,
643,Romania,2007,467.3405
644,Russia,2007,328.0137
645,Rwanda,2007,
646,Saint Helena,2007,
647,Saint Kitts and Nevis,2007,
648,Saint Lucia,2007,
649,Saint Pierre and Miquelon,2007,
650,Saint Vincent and the Grenadines,2007,
651,Samoa,2007,
652,San Marino,2007,
653,Sao Tome and Principe,2007,
654,Saudi Arabia,2007,731.7174
655,Senegal,2007,611.1487
656,Serbia,2007,645.287
657,Seychelles,2007,
658,Sierra Leone,2007,
659,Singapore,2007,494.0387
660,Sint Maarten,2007,
661,Slovakia,2007,233.469
662,Slovenia,2007,373.919
663,Solomon Islands,2007,
664,Somalia,2007,
665,South Africa,2007,844.013
666,South Korea,2007,463.599
667,South Sudan,2007,
668,Spain,2007,392.344
669,Sri Lanka,2007,398.0688
670,State of Palestine,2007,
671,Sudan,2007,586.0506
672,Suriname,2007,248.2605
673,Svalbard and Jan Mayen Islands,2007,
674,Swaziland,2007,
675,Sweden,2007,39.76
676,Switzerland,2007,39.778
677,Syria,2007,628.3059
678,Taiwan,2007,662.2258
679,Tajikistan,2007,16.8839
680,Tanzania,2007,330.8991
681,Thailand,2007,552.7102
682,Timor-Leste,2007,
683,Togo,2007,407.9439
684,Tokelau,2007,
685,Tonga,2007,
686,Trinidad and Tobago,2007,757.651
687,Tunisia,2007,508.3716
688,Turkey,2007,486.467
689,Turkmenistan,2007,798.9173
690,Turks and Caicos Islands,2007,
691,Tuvalu,2007,
692,Uganda,2007,
693,Ukraine,2007,353.0086
694,United Arab Emirates,2007,724.0667
695,United Kingdom,2007,509.222
696,United States of America,2007,560.811
697,United States Virgin Islands,2007,
698,Uruguay,2007,105.4406
699,Uzbekistan,2007,485.9977
700,Vanuatu,2007,
701,Venezuela,2007,207.9411
702,Viet Nam,2007,431.4064
703,Wallis and Futuna Islands,2007,
704,Western Sahara,2007,
705,Yemen,2007,817.7427
706,Zambia,2007,2.6086
707,Zimbabwe,2007,441.1306
708,Afghanistan,2008,
709,Albania,2008,0.0
710,Algeria,2008,599.3545
711,American Samoa,2008,
712,Andorra,2008,
713,Angola,2008,333.3272
714,Anguilla,2008,
715,Antigua and Barbuda,2008,
716,Argentina,2008,366.1292
717,Armenia,2008,165.4893
718,Aruba,2008,
719,Australia,2008,870.795
720,Austria,2008,188.1
721,Azerbaijan,2008,499.9428
722,Bahamas,2008,
723,Bahrain,2008,769.5499
724,Bangladesh,2008,574.3879
725,Barbados,2008,
726,Belarus,2008,305.1407
727,Belgium,2008,250.054
728,Belize,2008,
729,Benin,2008,685.8079
730,Bermuda,2008,
731,Bhutan,2008,
732,Bolivia,2008,376.9367
733,Bosnia and Herzegovina,2008,818.1749
734,Botswana,2008,1511.6686
735,Brazil,2008,90.5653
736,British Virgin Islands,2008,
737,Brunei Darussalam,2008,794.7558
738,Bulgaria,2008,503.8745
739,Burkina Faso,2008,
740,Burundi,2008,
741,Cambodia,2008,828.7295
742,Cameroon,2008,162.1211
743,Canada,2008,190.756
744,Cape Verde,2008,
745,Cayman Islands,2008,
746,Central African Republic,2008,
747,Chad,2008,
748,Chile,2008,405.205
749,China,2008,733.4795
750,Colombia,2008,109.0051
751,Comoros,2008,
752,Cook Islands,2008,
753,Costa Rica,2008,64.0928
754,Cote d'Ivoire,2008,451.101
755,Croatia,2008,333.7438
756,Cuba,2008,772.1189
757,Curacao,2008,693.6449
758,Cyprus,2008,766.1727
759,Czech Republic,2008,547.0
760,Dem. Rep. Congo,2008,7.8108
761,Denmark,2008,306.198
762,Djibouti,2008,
763,Dominica,2008,
764,Dominican Republic,2008,635.5926
765,Ecuador,2008,250.855
766,Egypt,2008,465.3283
767,El Salvador,2008,273.1888
768,Equatorial Guinea,2008,
769,Eritrea,2008,810.0244
770,Estonia,2008,763.755
771,Ethiopia,2008,119.7249
772,Faeroe Islands,2008,
773,Falkland Islands,2008,
774,Fiji,2008,
775,Finland,2008,196.829
776,France,2008,83.285
777,French Guiana,2008,
778,French Polynesia,2008,
779,Gabon,2008,355.9468
780,Gambia,2008,
781,Georgia,2008,88.03
782,Germany,2008,454.032
783,Ghana,2008,217.4111
784,Gibraltar,2008,764.3494
785,Greece,2008,756.165
786,Greenland,2008,
787,Grenada,2008,
788,Guadeloupe,2008,
789,Guam,2008,
790,Guatemala,2008,348.2037
791,Guinea,2008,
792,Guinea-Bissau,2008,
793,Guyana,2008,
794,Haiti,2008,498.5226
795,Holy See,2008,
796,Honduras,2008,412.6745
797,Hong Kong,2008,770.6486
798,Hungary,2008,333.531
799,Iceland,2008,0.454
800,India,2008,807.7765
801,Indonesia,2008,758.7876
802,Iran,2008,585.9335
803,Iraq,2008,678.3464
804,Ireland,2008,474.875
805,Isle of Man,2008,
806,Israel,2008,724.428
807,Italy,2008,425.27
808,Jamaica,2008,655.2248
809,Japan,2008,452.872
810,Jordan,2008,597.3471
811,Kazakhstan,2008,451.4575
812,Kenya,2008,334.871
813,Kiribati,2008,
814,Kosovo,2008,1089.1703
815,Kuwait,2008,785.1715
816,Kyrgyzstan,2008,145.8224
817,Laos,2008,
818,Latvia,2008,163.1391
819,Lebanon,2008,722.3361
820,Lesotho,2008,
821,Liberia,2008,
822,Libya,2008,747.9937
823,Liechtenstein,2008,
824,Lithuania,2008,115.2683
825,Luxembourg,2008,308.802
826,Macao,2008,
827,Macedonia,2008,802.4055
828,Madagascar,2008,
829,Malawi,2008,
830,Malaysia,2008,696.7439
831,Maldives,2008,
832,Mali,2008,
833,Malta,2008,857.2807
834,Marshall Islands,2008,
835,Martinique,2008,
836,Mauritania,2008,
837,Mauritius,2008,791.5632
838,Mayotte,2008,
839,Mexico,2008,474.941
840,Micronesia,2008,
841,Moldova,2008,388.5967
842,Monaco,2008,
843,Mongolia,2008,607.7489
844,Montenegro,2008,543.7931
845,Montserrat,2008,
846,Morocco,2008,799.6763
847,Mozambique,2008,0.4005
848,Myanmar,2008,311.2314
849,Namibia,2008,151.1711
850,Nauru,2008,
851,Nepal,2008,2.4328
852,Netherlands,2008,395.498
853,Netherlands Antilles,2008,
854,New Caledonia,2008,
855,New Zealand,2008,217.382
856,Nicaragua,2008,484.8807
857,Niger,2008,550.4963
858,Nigeria,2008,367.9626
859,Niue,2008,
860,Norfolk Island,2008,
861,North Korea,2008,490.5122
862,Northern Mariana Islands,2008,
863,Norway,2008,5.675
864,Oman,2008,664.7619
865,Pakistan,2008,454.2689
866,Palau,2008,
867,Panama,2008,276.2022
868,Papua New Guinea,2008,
869,Paraguay,2008,0.0
870,Peru,2008,241.7409
871,Philippines,2008,491.0554
872,Pitcairn,2008,
873,Poland,2008,674.704
874,Portugal,2008,387.243
875,Puerto Rico,2008,
876,Qatar,2008,536.5577
877,Republic of Congo,2008,108.0694
878,Reunion,2008,
879,Romania,2008,450.3806
880,Russia,2008,331.4592
881,Rwanda,2008,
882,Saint Helena,2008,
883,Saint Kitts and Nevis,2008,
884,Saint Lucia,2008,
885,Saint Pierre and Miquelon,2008,
886,Saint Vincent and the Grenadines,2008,
887,Samoa,2008,
888,San Marino,2008,
889,Sao Tome and Principe,2008,
890,Saudi Arabia,2008,741.3706
891,Senegal,2008,600.9977
892,Serbia,2008,653.9866
893,Seychelles,2008,
894,Sierra Leone,2008,
895,Singapore,2008,476.6323
896,Sint Maarten,2008,
897,Slovakia,2008,221.648
898,Slovenia,2008,335.375
899,Solomon Islands,2008,
900,Somalia,2008,
901,South Africa,2008,967.0424
902,South Korea,2008,469.59
903,South Sudan,2008,
904,Spain,2008,330.139
905,Sri Lanka,2008,386.4825
906,State of Palestine,2008,
907,Sudan,2008,606.8538
908,Suriname,2008,222.5316
909,Svalbard and Jan Mayen Islands,2008,
910,Swaziland,2008,
911,Sweden,2008,39.311
912,Switzerland,2008,39.457
913,Syria,2008,632.0224
914,Taiwan,2008,656.9925
915,Tajikistan,2008,11.9398
916,Tanzania,2008,281.4675
917,Thailand,2008,534.854
918,Timor-Leste,2008,
919,Togo,2008,208.5691
920,Tokelau,2008,
921,Tonga,2008,
922,Trinidad and Tobago,2008,702.9151
923,Tunisia,2008,496.2074
924,Turkey,2008,503.679
925,Turkmenistan,2008,848.3472
926,Turks and Caicos Islands,2008,
927,Tuvalu,2008,
928,Uganda,2008,
929,Ukraine,2008,356.097
930,United Arab Emirates,2008,768.9873
931,United Kingdom,2008,491.456
932,United States of America,2008,544.441
933,United States Virgin Islands,2008,
934,Uruguay,2008,310.0198
935,Uzbekistan,2008,447.5009
936,Vanuatu,2008,
937,Venezuela,2008,204.4149
938,Viet Nam,2008,411.0972
939,Wallis and Futuna Islands,2008,
940,Western Sahara,2008,
941,Yemen,2008,814.5539
942,Zambia,2008,2.6584
943,Zimbabwe,2008,348.3631
944,Afghanistan,2009,
945,Albania,2009,1.1899
946,Algeria,2009,640.6606
947,American Samoa,2009,
948,Andorra,2009,
949,Angola,2009,469.988
950,Anguilla,2009,
951,Antigua and Barbuda,2009,
952,Argentina,2009,361.5051
953,Armenia,2009,108.5436
954,Aruba,2009,
955,Australia,2009,893.922
956,Austria,2009,168.177
957,Azerbaijan,2009,469.0663
958,Bahamas,2009,
959,Bahrain,2009,788.521
960,Bangladesh,2009,573.1946
961,Barbados,2009,
962,Belarus,2009,304.0931
963,Belgium,2009,214.959
964,Belize,2009,
965,Benin,2009,726.6094
966,Bermuda,2009,
967,Bhutan,2009,
968,Bolivia,2009,395.2339
969,Bosnia and Herzegovina,2009,791.7638
970,Botswana,2009,1511.2793
971,Brazil,2009,64.8935
972,British Virgin Islands,2009,
973,Brunei Darussalam,2009,792.6966
974,Bulgaria,2009,478.3327
975,Burkina Faso,2009,
976,Burundi,2009,
977,Cambodia,2009,824.633
978,Cameroon,2009,198.023
979,Canada,2009,173.107
980,Cape Verde,2009,
981,Cayman Islands,2009,
982,Central African Republic,2009,
983,Chad,2009,
984,Chile,2009,376.502
985,China,2009,724.1727
986,Colombia,2009,178.0374
987,Comoros,2009,
988,Cook Islands,2009,
989,Costa Rica,2009,40.1269
990,Cote d'Ivoire,2009,392.9349
991,Croatia,2009,275.0551
992,Cuba,2009,777.7222
993,Curacao,2009,694.8675
994,Cyprus,2009,753.3599
995,Czech Republic,2009,523.273
996,Dem. Rep. Congo,2009,6.6906
997,Denmark,2009,303.71
998,Djibouti,2009,
999,Dominica,2009,
1000,Dominican Republic,2009,627.0503
1001,Ecuador,2009,328.1135
1002,Egypt,2009,469.5147
1003,El Salvador,2009,276.0532
1004,Equatorial Guinea,2009,
1005,Eritrea,2009,841.4407
1006,Estonia,2009,713.334
1007,Ethiopia,2009,122.9168
1008,Faeroe Islands,2009,
1009,Falkland Islands,2009,
1010,Fiji,2009,
1011,Finland,2009,208.28
1012,France,2009,86.976
1013,French Guiana,2009,
1014,French Polynesia,2009,
1015,Gabon,2009,357.6142
1016,Gambia,2009,
1017,Georgia,2009,129.404
1018,Germany,2009,444.739
1019,Ghana,2009,189.9426
1020,Gibraltar,2009,764.7644
1021,Greece,2009,733.873
1022,Greenland,2009,
1023,Grenada,2009,
1024,Guadeloupe,2009,
1025,Guam,2009,
1026,Guatemala,2009,353.1626
1027,Guinea,2009,
1028,Guinea-Bissau,2009,
1029,Guyana,2009,
1030,Haiti,2009,361.3856
1031,Holy See,2009,
1032,Honduras,2009,345.3861
1033,Hong Kong,2009,776.6564
1034,Hungary,2009,304.55
1035,Iceland,2009,0.218
1036,India,2009,830.1465
1037,Indonesia,2009,757.3833
1038,Iran,2009,582.5981
1039,Iraq,2009,1212.1474
1040,Ireland,2009,454.877
1041,Isle of Man,2009,
1042,Israel,2009,706.069
1043,Italy,2009,389.459
1044,Jamaica,2009,648.3313
1045,Japan,2009,427.76
1046,Jordan,2009,587.146
1047,Kazakhstan,2009,405.022
1048,Kenya,2009,406.3116
1049,Kiribati,2009,
1050,Kosovo,2009,1285.6803
1051,Kuwait,2009,877.7068
1052,Kyrgyzstan,2009,144.4731
1053,Laos,2009,
1054,Latvia,2009,153.9707
1055,Lebanon,2009,723.8758
1056,Lesotho,2009,
1057,Liberia,2009,
1058,Libya,2009,726.9586
1059,Liechtenstein,2009,
1060,Lithuania,2009,111.8062
1061,Luxembourg,2009,320.744
1062,Macao,2009,
1063,Macedonia,2009,723.7679
1064,Madagascar,2009,
1065,Malawi,2009,
1066,Malaysia,2009,636.2151
1067,Maldives,2009,
1068,Mali,2009,
1069,Malta,2009,858.6093
1070,Marshall Islands,2009,
1071,Martinique,2009,
1072,Mauritania,2009,
1073,Mauritius,2009,783.9938
1074,Mayotte,2009,
1075,Mexico,2009,505.463
1076,Micronesia,2009,
1077,Moldova,2009,409.0488
1078,Monaco,2009,
1079,Mongolia,2009,604.8917
1080,Montenegro,2009,295.4877
1081,Montserrat,2009,
1082,Morocco,2009,709.1191
1083,Mozambique,2009,0.5058
1084,Myanmar,2009,201.2461
1085,Namibia,2009,72.8517
1086,Nauru,2009,
1087,Nepal,2009,3.2944
1088,Netherlands,2009,377.326
1089,Netherlands Antilles,2009,
1090,New Caledonia,2009,
1091,New Zealand,2009,170.385
1092,Nicaragua,2009,510.9215
1093,Niger,2009,540.2472
1094,Nigeria,2009,389.1651
1095,Niue,2009,
1096,Norfolk Island,2009,
1097,North Korea,2009,524.9225
1098,Northern Mariana Islands,2009,
1099,Norway,2009,14.658
1100,Oman,2009,647.3478
1101,Pakistan,2009,461.161
1102,Palau,2009,
1103,Panama,2009,350.7158
1104,Papua New Guinea,2009,
1105,Paraguay,2009,0.0
1106,Peru,2009,255.3627
1107,Philippines,2009,482.5139
1108,Pitcairn,2009,
1109,Poland,2009,659.352
1110,Portugal,2009,371.989
1111,Puerto Rico,2009,
1112,Qatar,2009,509.6034
1113,Republic of Congo,2009,246.0557
1114,Reunion,2009,
1115,Romania,2009,423.8764
1116,Russia,2009,323.2458
1117,Rwanda,2009,
1118,Saint Helena,2009,
1119,Saint Kitts and Nevis,2009,
1120,Saint Lucia,2009,
1121,Saint Pierre and Miquelon,2009,
1122,Saint Vincent and the Grenadines,2009,
1123,Samoa,2009,
1124,San Marino,2009,
1125,Sao Tome and Principe,2009,
1126,Saudi Arabia,2009,763.368
1127,Senegal,2009,692.127
1128,Serbia,2009,672.5248
1129,Seychelles,2009,
1130,Sierra Leone,2009,
1131,Singapore,2009,477.4881
1132,Sint Maarten,2009,
1133,Slovakia,2009,225.595
1134,Slovenia,2009,322.194
1135,Solomon Islands,2009,
1136,Somalia,2009,
1137,South Africa,2009,924.1324
1138,South Korea,2009,508.289
1139,South Sudan,2009,
1140,Spain,2009,299.465
1141,Sri Lanka,2009,408.0566
1142,State of Palestine,2009,
1143,Sudan,2009,416.7393
1144,Suriname,2009,236.5534
1145,Svalbard and Jan Mayen Islands,2009,
1146,Swaziland,2009,
1147,Sweden,2009,42.293
1148,Switzerland,2009,36.708
1149,Syria,2009,634.0356
1150,Taiwan,2009,644.0461
1151,Tajikistan,2009,5.034
1152,Tanzania,2009,253.8298
1153,Thailand,2009,519.0276
1154,Timor-Leste,2009,
1155,Togo,2009,231.7237
1156,Tokelau,2009,
1157,Tonga,2009,
1158,Trinidad and Tobago,2009,712.8861
1159,Tunisia,2009,490.3137
1160,Turkey,2009,488.392
1161,Turkmenistan,2009,793.4438
1162,Turks and Caicos Islands,2009,
1163,Tuvalu,2009,
1164,Uganda,2009,
1165,Ukraine,2009,344.0532
1166,United Arab Emirates,2009,634.5488
1167,United Kingdom,2009,445.426
1168,United States of America,2009,516.756
1169,United States Virgin Islands,2009,
1170,Uruguay,2009,255.3909
1171,Uzbekistan,2009,471.4687
1172,Vanuatu,2009,
1173,Venezuela,2009,208.8385
1174,Viet Nam,2009,388.9686
1175,Wallis and Futuna Islands,2009,
1176,Western Sahara,2009,
1177,Yemen,2009,828.681
1178,Zambia,2009,2.2415
1179,Zimbabwe,2009,372.1905
1180,Afghanistan,2010,
1181,Albania,2010,2.0447
1182,Algeria,2010,548.5178
1183,American Samoa,2010,
1184,Andorra,2010,
1185,Angola,2010,434.5873
1186,Anguilla,2010,
1187,Antigua and Barbuda,2010,
1188,Argentina,2010,363.4152
1189,Armenia,2010,95.4345
1190,Aruba,2010,
1191,Australia,2010,834.308
1192,Austria,2010,188.101
1193,Azerbaijan,2010,422.8432
1194,Bahamas,2010,
1195,Bahrain,2010,754.4453
1196,Bangladesh,2010,591.2062
1197,Barbados,2010,
1198,Belarus,2010,294.2278
1199,Belgium,2010,220.333
1200,Belize,2010,
1201,Benin,2010,726.94
1202,Bermuda,2010,
1203,Bhutan,2010,
1204,Bolivia,2010,431.5784
1205,Bosnia and Herzegovina,2010,713.0666
1206,Botswana,2010,1260.0
1207,Brazil,2010,87.2792
1208,British Virgin Islands,2010,
1209,Brunei Darussalam,2010,733.7848
1210,Bulgaria,2010,482.3269
1211,Burkina Faso,2010,
1212,Burundi,2010,
1213,Cambodia,2010,812.2012
1214,Cameroon,2010,209.0758
1215,Canada,2010,183.512
1216,Cape Verde,2010,
1217,Cayman Islands,2010,
1218,Central African Republic,2010,
1219,Chad,2010,
1220,Chile,2010,415.214
1221,China,2010,718.7175
1222,Colombia,2010,180.693
1223,Comoros,2010,
1224,Cook Islands,2010,
1225,Costa Rica,2010,56.275
1226,Cote d'Ivoire,2010,463.1138
1227,Croatia,2010,231.702
1228,Cuba,2010,913.6963
1229,Curacao,2010,695.845
1230,Cyprus,2010,711.6065
1231,Czech Republic,2010,525.48
1232,Dem. Rep. Congo,2010,6.6474
1233,Denmark,2010,273.173
1234,Djibouti,2010,
1235,Dominica,2010,
1236,Dominican Republic,2010,602.2148
1237,Ecuador,2010,413.5331
1238,Egypt,2010,426.5892
1239,El Salvador,2010,222.482
1240,Equatorial Guinea,2010,
1241,Eritrea,2010,859.0804
1242,Estonia,2010,745.833
1243,Ethiopia,2010,7.0837
1244,Faeroe Islands,2010,
1245,Falkland Islands,2010,
1246,Fiji,2010,
1247,Finland,2010,227.971
1248,France,2010,90.398
1249,French Guiana,2010,
1250,French Polynesia,2010,
1251,Gabon,2010,397.7521
1252,Gambia,2010,
1253,Georgia,2010,76.938
1254,Germany,2010,439.427
1255,Ghana,2010,297.3039
1256,Gibraltar,2010,751.8023
1257,Greece,2010,726.974
1258,Greenland,2010,
1259,Grenada,2010,
1260,Guadeloupe,2010,
1261,Guam,2010,
1262,Guatemala,2010,285.8483
1263,Guinea,2010,
1264,Guinea-Bissau,2010,
1265,Guyana,2010,
1266,Haiti,2010,472.0239
1267,Holy See,2010,
1268,Honduras,2010,333.0648
1269,Hong Kong,2010,733.7762
1270,Hungary,2010,309.159
1271,Iceland,2010,0.208
1272,India,2010,806.3826
1273,Indonesia,2010,722.3136
1274,Iran,2010,568.8485
1275,Iraq,2010,1094.399
1276,Ireland,2010,460.417
1277,Isle of Man,2010,
1278,Israel,2010,698.087
1279,Italy,2010,381.981
1280,Jamaica,2010,659.4975
1281,Japan,2010,428.605
1282,Jordan,2010,579.4514
1283,Kazakhstan,2010,392.8105
1284,Kenya,2010,280.931
1285,Kiribati,2010,
1286,Kosovo,2010,1301.7265
1287,Kuwait,2010,764.242
1288,Kyrgyzstan,2010,106.7747
1289,Laos,2010,
1290,Latvia,2010,162.6885
1291,Lebanon,2010,715.8084
1292,Lesotho,2010,
1293,Liberia,2010,
1294,Libya,2010,690.1594
1295,Liechtenstein,2010,
1296,Lithuania,2010,202.8929
1297,Luxembourg,2010,314.54
1298,Macao,2010,
1299,Macedonia,2010,646.2591
1300,Madagascar,2010,
1301,Malawi,2010,
1302,Malaysia,2010,768.9581
1303,Maldives,2010,
1304,Mali,2010,
1305,Malta,2010,879.2493
1306,Marshall Islands,2010,
1307,Martinique,2010,
1308,Mauritania,2010,
1309,Mauritius,2010,820.8836
1310,Mayotte,2010,
1311,Mexico,2010,493.426
1312,Micronesia,2010,
1313,Moldova,2010,394.0346
1314,Monaco,2010,
1315,Mongolia,2010,633.3595
1316,Montenegro,2010,431.0249
1317,Montserrat,2010,
1318,Morocco,2010,694.5286
1319,Mozambique,2010,0.6511
1320,Myanmar,2010,264.7231
1321,Namibia,2010,23.9632
1322,Nauru,2010,
1323,Nepal,2010,1.0664
1324,Netherlands,2010,375.35
1325,Netherlands Antilles,2010,
1326,New Caledonia,2010,
1327,New Zealand,2010,153.608
1328,Nicaragua,2010,464.7316
1329,Niger,2010,660.7939
1330,Nigeria,2010,381.5863
1331,Niue,2010,
1332,Norfolk Island,2010,
1333,North Korea,2010,477.3263
1334,Northern Mariana Islands,2010,
1335,Norway,2010,21.398
1336,Oman,2010,638.6639
1337,Pakistan,2010,427.9401
1338,Palau,2010,
1339,Panama,2010,369.4502
1340,Papua New Guinea,2010,
1341,Paraguay,2010,0.0
1342,Peru,2010,292.1925
1343,Philippines,2010,488.7164
1344,Pitcairn,2010,
1345,Poland,2010,644.175
1346,Portugal,2010,255.221
1347,Puerto Rico,2010,
1348,Qatar,2010,495.4838
1349,Republic of Congo,2010,268.8099
1350,Reunion,2010,
1351,Romania,2010,381.2337
1352,Russia,2010,329.4766
1353,Rwanda,2010,
1354,Saint Helena,2010,
1355,Saint Kitts and Nevis,2010,
1356,Saint Lucia,2010,
1357,Saint Pierre and Miquelon,2010,
1358,Saint Vincent and the Grenadines,2010,
1359,Samoa,2010,
1360,San Marino,2010,
1361,Sao Tome and Principe,2010,
1362,Saudi Arabia,2010,742.7352
1363,Senegal,2010,624.828
1364,Serbia,2010,645.745
1365,Seychelles,2010,
1366,Sierra Leone,2010,
1367,Singapore,2010,485.1306
1368,Sint Maarten,2010,
1369,Slovakia,2010,216.241
1370,Slovenia,2010,327.318
1371,Solomon Islands,2010,
1372,Somalia,2010,
1373,South Africa,2010,945.4398
1374,South Korea,2010,520.076
1375,South Sudan,2010,
1376,Spain,2010,239.715
1377,Sri Lanka,2010,312.3283
1378,State of Palestine,2010,
1379,Sudan,2010,144.9375
1380,Suriname,2010,303.9205
1381,Svalbard and Jan Mayen Islands,2010,
1382,Swaziland,2010,
1383,Sweden,2010,50.771
1384,Switzerland,2010,39.116
1385,Syria,2010,598.8265
1386,Taiwan,2010,632.9113
1387,Tajikistan,2010,2.1936
1388,Tanzania,2010,278.9721
1389,Thailand,2010,518.3772
1390,Timor-Leste,2010,
1391,Togo,2010,375.3408
1392,Tokelau,2010,
1393,Tonga,2010,
1394,Trinidad and Tobago,2010,703.349
1395,Tunisia,2010,432.337
1396,Turkey,2010,452.919
1397,Turkmenistan,2010,871.573
1398,Turks and Caicos Islands,2010,
1399,Tuvalu,2010,
1400,Uganda,2010,
1401,Ukraine,2010,339.9372
1402,United Arab Emirates,2010,600.9458
1403,United Kingdom,2010,449.717
1404,United States of America,2010,521.782
1405,United States Virgin Islands,2010,
1406,Uruguay,2010,79.5706
1407,Uzbekistan,2010,464.972
1408,Vanuatu,2010,
1409,Venezuela,2010,245.6528
1410,Viet Nam,2010,437.135
1411,Wallis and Futuna Islands,2010,
1412,Western Sahara,2010,
1413,Yemen,2010,789.2125
1414,Zambia,2010,2.4258
1415,Zimbabwe,2010,558.2435
1416,Afghanistan,2011,
1417,Albania,2011,7.3842
1418,Algeria,2011,558.7899
1419,American Samoa,2011,
1420,Andorra,2011,
1421,Angola,2011,394.3727
1422,Anguilla,2011,
1423,Antigua and Barbuda,2011,
1424,Argentina,2011,388.099
1425,Armenia,2011,125.4492
1426,Aruba,2011,
1427,Australia,2011,798.814
1428,Austria,2011,201.073
1429,Azerbaijan,2011,446.41
1430,Bahamas,2011,
1431,Bahrain,2011,754.2408
1432,Bangladesh,2011,569.4218
1433,Barbados,2011,
1434,Belarus,2011,289.1337
1435,Belgium,2011,197.812
1436,Belize,2011,
1437,Benin,2011,724.1806
1438,Bermuda,2011,
1439,Bhutan,2011,
1440,Bolivia,2011,435.6931
1441,Bosnia and Herzegovina,2011,937.6915
1442,Botswana,2011,3297.68
1443,Brazil,2011,68.6852
1444,British Virgin Islands,2011,
1445,Brunei Darussalam,2011,720.3903
1446,Bulgaria,2011,523.865
1447,Burkina Faso,2011,
1448,Burundi,2011,
1449,Cambodia,2011,801.0399
1450,Cameroon,2011,200.4346
1451,Canada,2011,168.501
1452,Cape Verde,2011,
1453,Cayman Islands,2011,
1454,Central African Republic,2011,
1455,Chad,2011,
1456,Chile,2011,447.584
1457,China,2011,726.0319
1458,Colombia,2011,105.6258
1459,Comoros,2011,
1460,Cook Islands,2011,
1461,Costa Rica,2011,64.4004
1462,Cote d'Ivoire,2011,438.9608
1463,Croatia,2011,305.2387
1464,Cuba,2011,829.6266
1465,Curacao,2011,694.7947
1466,Cyprus,2011,738.4614
1467,Czech Republic,2011,528.642
1468,Dem. Rep. Congo,2011,6.6525
1469,Denmark,2011,248.596
1470,Djibouti,2011,
1471,Dominica,2011,
1472,Dominican Republic,2011,600.7507
1473,Ecuador,2011,336.6845
1474,Egypt,2011,423.774
1475,El Salvador,2011,234.7113
1476,Equatorial Guinea,2011,
1477,Eritrea,2011,857.9763
1478,Estonia,2011,711.308
1479,Ethiopia,2011,6.5803
1480,Faeroe Islands,2011,
1481,Falkland Islands,2011,
1482,Fiji,2011,
1483,Finland,2011,202.818
1484,France,2011,73.626
1485,French Guiana,2011,
1486,French Polynesia,2011,
1487,Gabon,2011,437.5996
1488,Gambia,2011,
1489,Georgia,2011,101.9411
1490,Germany,2011,449.289
1491,Ghana,2011,216.8613
1492,Gibraltar,2011,760.0936
1493,Greece,2011,714.803
1494,Greenland,2011,
1495,Grenada,2011,
1496,Guadeloupe,2011,
1497,Guam,2011,
1498,Guatemala,2011,272.1399
1499,Guinea,2011,
1500,Guinea-Bissau,2011,
1501,Guyana,2011,
1502,Haiti,2011,293.8261
1503,Holy See,2011,
1504,Honduras,2011,378.7506
1505,Hong Kong,2011,780.0671
1506,Hungary,2011,309.816
1507,Iceland,2011,0.136
1508,India,2011,775.7235
1509,Indonesia,2011,761.7349
1510,Iran,2011,581.5684
1511,Iraq,2011,970.3538
1512,Ireland,2011,428.351
1513,Isle of Man,2011,
1514,Israel,2011,737.862
1515,Italy,2011,374.002
1516,Jamaica,2011,670.3559
1517,Japan,2011,507.975
1518,Jordan,2011,643.16
1519,Kazakhstan,2011,403.2521
1520,Kenya,2011,300.8258
1521,Kiribati,2011,
1522,Kosovo,2011,1123.6843
1523,Kuwait,2011,794.1407
1524,Kyrgyzstan,2011,93.6656
1525,Laos,2011,
1526,Latvia,2011,167.3048
1527,Lebanon,2011,714.0833
1528,Lesotho,2011,
1529,Liberia,2011,
1530,Libya,2011,680.2678
1531,Liechtenstein,2011,
1532,Lithuania,2011,171.5998
1533,Luxembourg,2011,308.582
1534,Macao,2011,
1535,Macedonia,2011,784.0481
1536,Madagascar,2011,
1537,Malawi,2011,
1538,Malaysia,2011,682.6158
1539,Maldives,2011,
1540,Mali,2011,
1541,Malta,2011,873.4901
1542,Marshall Islands,2011,
1543,Martinique,2011,
1544,Mauritania,2011,
1545,Mauritius,2011,803.2171
1546,Mayotte,2011,
1547,Mexico,2011,482.383
1548,Micronesia,2011,
1549,Moldova,2011,393.7471
1550,Monaco,2011,
1551,Mongolia,2011,635.9478
1552,Montenegro,2011,667.9179
1553,Montserrat,2011,
1554,Morocco,2011,745.72
1555,Mozambique,2011,0.9118
1556,Myanmar,2011,192.2242
1557,Namibia,2011,13.7126
1558,Nauru,2011,
1559,Nepal,2011,0.0
1560,Netherlands,2011,366.112
1561,Netherlands Antilles,2011,
1562,New Caledonia,2011,
1563,New Zealand,2011,143.219
1564,Nicaragua,2011,475.6059
1565,Niger,2011,633.9246
1566,Nigeria,2011,394.9136
1567,Niue,2011,
1568,Norfolk Island,2011,
1569,North Korea,2011,386.4974
1570,Northern Mariana Islands,2011,
1571,Norway,2011,19.201
1572,Oman,2011,614.1158
1573,Pakistan,2011,412.6356
1574,Palau,2011,
1575,Panama,2011,395.1772
1576,Papua New Guinea,2011,
1577,Paraguay,2011,0.0
1578,Peru,2011,299.5272
1579,Philippines,2011,500.2578
1580,Pitcairn,2011,
1581,Poland,2011,656.375
1582,Portugal,2011,299.004
1583,Puerto Rico,2011,
1584,Qatar,2011,492.1872
1585,Republic of Congo,2011,231.2838
1586,Reunion,2011,
1587,Romania,2011,440.3307
1588,Russia,2011,338.4203
1589,Rwanda,2011,
1590,Saint Helena,2011,
1591,Saint Kitts and Nevis,2011,
1592,Saint Lucia,2011,
1593,Saint Pierre and Miquelon,2011,
1594,Saint Vincent and the Grenadines,2011,
1595,Samoa,2011,
1596,San Marino,2011,
1597,Sao Tome and Principe,2011,
1598,Saudi Arabia,2011,760.6178
1599,Senegal,2011,569.7336
1600,Serbia,2011,693.0883
1601,Seychelles,2011,
1602,Sierra Leone,2011,
1603,Singapore,2011,487.722
1604,Sint Maarten,2011,
1605,Slovakia,2011,216.968
1606,Slovenia,2011,338.442
1607,Solomon Islands,2011,
1608,Somalia,2011,
1609,South Africa,2011,887.1941
1610,South Korea,2011,532.005
1611,South Sudan,2011,
1612,Spain,2011,296.231
1613,Sri Lanka,2011,440.9032
1614,State of Palestine,2011,
1615,Sudan,2011,196.4034
1616,Suriname,2011,392.9498
1617,Svalbard and Jan Mayen Islands,2011,
1618,Swaziland,2011,
1619,Sweden,2011,40.927
1620,Switzerland,2011,39.665
1621,Syria,2011,605.0213
1622,Taiwan,2011,608.8939
1623,Tajikistan,2011,2.2481
1624,Tanzania,2011,376.3157
1625,Thailand,2011,528.2371
1626,Timor-Leste,2011,
1627,Togo,2011,125.1094
1628,Tokelau,2011,
1629,Tonga,2011,
1630,Trinidad and Tobago,2011,706.5185
1631,Tunisia,2011,450.156
1632,Turkey,2011,465.624
1633,Turkmenistan,2011,898.0591
1634,Turks and Caicos Islands,2011,
1635,Tuvalu,2011,
1636,Uganda,2011,
1637,Ukraine,2011,360.9565
1638,United Arab Emirates,2011,600.4747
1639,United Kingdom,2011,440.094
1640,United States of America,2011,502.628
1641,United States Virgin Islands,2011,
1642,Uruguay,2011,197.8189
1643,Uzbekistan,2011,464.3451
1644,Vanuatu,2011,
1645,Venezuela,2011,223.3428
1646,Viet Nam,2011,386.8684
1647,Wallis and Futuna Islands,2011,
1648,Western Sahara,2011,
1649,Yemen,2011,853.3988
1650,Zambia,2011,3.0305
1651,Zimbabwe,2011,645.2926
1652,Afghanistan,2012,
1653,Albania,2012,0.0
1654,Algeria,2012,552.2689
1655,American Samoa,2012,
1656,Andorra,2012,
1657,Angola,2012,297.0103
1658,Anguilla,2012,
1659,Antigua and Barbuda,2012,
1660,Argentina,2012,400.1521
1661,Armenia,2012,177.5507
1662,Aruba,2012,
1663,Australia,2012,803.849
1664,Austria,2012,164.458
1665,Azerbaijan,2012,482.1419
1666,Bahamas,2012,
1667,Bahrain,2012,758.8107
1668,Bangladesh,2012,578.7626
1669,Barbados,2012,
1670,Belarus,2012,280.8791
1671,Belgium,2012,213.935
1672,Belize,2012,
1673,Benin,2012,712.679
1674,Bermuda,2012,
1675,Bhutan,2012,
1676,Bolivia,2012,428.5169
1677,Bosnia and Herzegovina,2012,936.6632
1678,Botswana,2012,2935.3343
1679,Brazil,2012,99.5691
1680,British Virgin Islands,2012,
1681,Brunei Darussalam,2012,726.3394
1682,Bulgaria,2012,479.7025
1683,Burkina Faso,2012,
1684,Burundi,2012,
1685,Cambodia,2012,534.5851
1686,Cameroon,2012,215.6414
1687,Canada,2012,158.038
1688,Cape Verde,2012,
1689,Cayman Islands,2012,
1690,Central African Republic,2012,
1691,Chad,2012,
1692,Chile,2012,489.886
1693,China,2012,698.4902
1694,Colombia,2012,123.7648
1695,Comoros,2012,
1696,Cook Islands,2012,
1697,Costa Rica,2012,54.9101
1698,Cote d'Ivoire,2012,493.1323
1699,Croatia,2012,292.3278
1700,Cuba,2012,814.3081
1701,Curacao,2012,688.5016
1702,Cyprus,2012,732.2953
1703,Czech Republic,2012,497.27
1704,Dem. Rep. Congo,2012,0.4221
1705,Denmark,2012,212.594
1706,Djibouti,2012,
1707,Dominica,2012,
1708,Dominican Republic,2012,577.5868
1709,Ecuador,2012,313.423
1710,Egypt,2012,446.6336
1711,El Salvador,2012,236.9408
1712,Equatorial Guinea,2012,
1713,Eritrea,2012,857.9192
1714,Estonia,2012,664.815
1715,Ethiopia,2012,1.6863
1716,Faeroe Islands,2012,
1717,Falkland Islands,2012,
1718,Fiji,2012,
1719,Finland,2012,165.639
1720,France,2012,74.24
1721,French Guiana,2012,
1722,French Polynesia,2012,
1723,Gabon,2012,435.0995
1724,Gambia,2012,
1725,Georgia,2012,117.48
1726,Germany,2012,450.848
1727,Ghana,2012,251.4207
1728,Gibraltar,2012,756.0739
1729,Greece,2012,692.721
1730,Greenland,2012,
1731,Grenada,2012,
1732,Guadeloupe,2012,
1733,Guam,2012,
1734,Guatemala,2012,258.1041
1735,Guinea,2012,
1736,Guinea-Bissau,2012,
1737,Guyana,2012,
1738,Haiti,2012,624.8182
1739,Holy See,2012,
1740,Honduras,2012,236.3111
1741,Hong Kong,2012,771.1859
1742,Hungary,2012,303.641
1743,Iceland,2012,0.132
1744,India,2012,820.8455
1745,Indonesia,2012,720.386
1746,Iran,2012,574.1386
1747,Iraq,2012,1281.5834
1748,Ireland,2012,460.914
1749,Isle of Man,2012,
1750,Israel,2012,779.893
1751,Italy,2012,364.666
1752,Jamaica,2012,697.3666
1753,Japan,2012,558.778
1754,Jordan,2012,641.5653
1755,Kazakhstan,2012,419.0776
1756,Kenya,2012,228.8272
1757,Kiribati,2012,
1758,Kosovo,2012,1040.8842
1759,Kuwait,2012,751.4921
1760,Kyrgyzstan,2012,98.8373
1761,Laos,2012,
1762,Latvia,2012,144.9583
1763,Lebanon,2012,813.7785
1764,Lesotho,2012,
1765,Liberia,2012,
1766,Libya,2012,673.1316
1767,Liechtenstein,2012,
1768,Lithuania,2012,170.9592
1769,Luxembourg,2012,308.234
1770,Macao,2012,
1771,Macedonia,2012,809.3392
1772,Madagascar,2012,
1773,Malawi,2012,
1774,Malaysia,2012,681.1677
1775,Maldives,2012,
1776,Mali,2012,
1777,Malta,2012,877.9433
1778,Marshall Islands,2012,
1779,Martinique,2012,
1780,Mauritania,2012,
1781,Mauritius,2012,808.8359
1782,Mayotte,2012,
1783,Mexico,2012,495.328
1784,Micronesia,2012,
1785,Moldova,2012,404.2245
1786,Monaco,2012,
1787,Mongolia,2012,643.1514
1788,Montenegro,2012,556.5826
1789,Montserrat,2012,
1790,Morocco,2012,707.6371
1791,Mozambique,2012,1.1882
1792,Myanmar,2012,218.3505
1793,Namibia,2012,56.1455
1794,Nauru,2012,
1795,Nepal,2012,3.8519
1796,Netherlands,2012,379.321
1797,Netherlands Antilles,2012,
1798,New Caledonia,2012,
1799,New Zealand,2012,174.732
1800,Nicaragua,2012,410.7326
1801,Niger,2012,653.8315
1802,Nigeria,2012,405.2502
1803,Niue,2012,
1804,Norfolk Island,2012,
1805,North Korea,2012,385.2289
1806,Northern Mariana Islands,2012,
1807,Norway,2012,12.856
1808,Oman,2012,602.0361
1809,Pakistan,2012,420.4332
1810,Palau,2012,
1811,Panama,2012,325.9477
1812,Papua New Guinea,2012,
1813,Paraguay,2012,0.0
1814,Peru,2012,287.243
1815,Philippines,2012,510.1252
1816,Pitcairn,2012,
1817,Poland,2012,632.298
1818,Portugal,2012,352.448
1819,Puerto Rico,2012,
1820,Qatar,2012,495.4262
1821,Republic of Congo,2012,246.2324
1822,Reunion,2012,
1823,Romania,2012,428.0067
1824,Russia,2012,332.4106
1825,Rwanda,2012,
1826,Saint Helena,2012,
1827,Saint Kitts and Nevis,2012,
1828,Saint Lucia,2012,
1829,Saint Pierre and Miquelon,2012,
1830,Saint Vincent and the Grenadines,2012,
1831,Samoa,2012,
1832,San Marino,2012,
1833,Sao Tome and Principe,2012,
1834,Saudi Arabia,2012,744.2286
1835,Senegal,2012,550.963
1836,Serbia,2012,674.0895
1837,Seychelles,2012,
1838,Sierra Leone,2012,
1839,Singapore,2012,468.4684
1840,Sint Maarten,2012,
1841,Slovakia,2012,205.664
1842,Slovenia,2012,331.064
1843,Solomon Islands,2012,
1844,Somalia,2012,
1845,South Africa,2012,925.363
1846,South Korea,2012,525.913
1847,South Sudan,2012,850.4202
1848,Spain,2012,309.596
1849,Sri Lanka,2012,543.8402
1850,State of Palestine,2012,
1851,Sudan,2012,203.9972
1852,Suriname,2012,371.5634
1853,Svalbard and Jan Mayen Islands,2012,
1854,Swaziland,2012,
1855,Sweden,2012,32.679
1856,Switzerland,2012,37.696
1857,Syria,2012,584.6561
1858,Taiwan,2012,590.8205
1859,Tajikistan,2012,2.7562
1860,Tanzania,2012,445.5173
1861,Thailand,2012,505.6175
1862,Timor-Leste,2012,
1863,Togo,2012,173.018
1864,Tokelau,2012,
1865,Tonga,2012,
1866,Trinidad and Tobago,2012,680.1781
1867,Tunisia,2012,442.279
1868,Turkey,2012,454.109
1869,Turkmenistan,2012,900.9881
1870,Turks and Caicos Islands,2012,
1871,Tuvalu,2012,
1872,Uganda,2012,
1873,Ukraine,2012,367.5561
1874,United Arab Emirates,2012,641.0488
1875,United Kingdom,2012,482.804
1876,United States of America,2012,479.94
1877,United States Virgin Islands,2012,
1878,Uruguay,2012,276.1429
1879,Uzbekistan,2012,456.0732
1880,Vanuatu,2012,
1881,Venezuela,2012,253.9337
1882,Viet Nam,2012,352.5209
1883,Wallis and Futuna Islands,2012,
1884,Western Sahara,2012,
1885,Yemen,2012,821.5333
1886,Zambia,2012,2.5614
1887,Zimbabwe,2012,602.6428
1888,Afghanistan,2013,
1889,Albania,2013,0.0
1890,Algeria,2013,517.2753
1891,American Samoa,2013,
1892,Andorra,2013,
1893,Angola,2013,282.9679
1894,Anguilla,2013,
1895,Antigua and Barbuda,2013,
1896,Argentina,2013,372.4853
1897,Armenia,2013,170.5486
1898,Aruba,2013,
1899,Australia,2013,767.337
1900,Austria,2013,163.191
1901,Azerbaijan,2013,468.7942
1902,Bahamas,2013,
1903,Bahrain,2013,759.7513
1904,Bangladesh,2013,582.039
1905,Barbados,2013,
1906,Belarus,2013,278.4965
1907,Belgium,2013,194.777
1908,Belize,2013,
1909,Benin,2013,704.4335
1910,Bermuda,2013,
1911,Bhutan,2013,
1912,Bolivia,2013,393.6823
1913,Bosnia and Herzegovina,2013,764.3557
1914,Botswana,2013,1214.56
1915,Brazil,2013,135.1466
1916,British Virgin Islands,2013,
1917,Brunei Darussalam,2013,619.9875
1918,Bulgaria,2013,452.0588
1919,Burkina Faso,2013,
1920,Burundi,2013,
1921,Cambodia,2013,379.1811
1922,Cameroon,2013,230.4951
1923,Canada,2013,150.421
1924,Cape Verde,2013,
1925,Cayman Islands,2013,
1926,Central African Republic,2013,
1927,Chad,2013,
1928,Chile,2013,479.812
1929,China,2013,678.7991
1930,Colombia,2013,165.5165
1931,Comoros,2013,
1932,Cook Islands,2013,
1933,Costa Rica,2013,80.5059
1934,Cote d'Ivoire,2013,449.2446
1935,Croatia,2013,222.4392
1936,Cuba,2013,781.6474
1937,Curacao,2013,688.083
1938,Cyprus,2013,644.347
1939,Czech Republic,2013,465.957
1940,Dem. Rep. Congo,2013,0.3891
1941,Denmark,2013,233.487
1942,Djibouti,2013,
1943,Dominica,2013,
1944,Dominican Republic,2013,583.0775
1945,Ecuador,2013,348.9453
1946,Egypt,2013,428.6339
1947,El Salvador,2013,259.39
1948,Equatorial Guinea,2013,
1949,Eritrea,2013,857.0386
1950,Estonia,2013,748.665
1951,Ethiopia,2013,1.1036
1952,Faeroe Islands,2013,
1953,Falkland Islands,2013,
1954,Fiji,2013,
1955,Finland,2013,179.749
1956,France,2013,71.928
1957,French Guiana,2013,
1958,French Polynesia,2013,
1959,Gabon,2013,407.8185
1960,Gambia,2013,
1961,Georgia,2013,85.2148
1962,Germany,2013,451.045
1963,Ghana,2013,273.2402
1964,Gibraltar,2013,753.2063
1965,Greece,2013,647.376
1966,Greenland,2013,
1967,Grenada,2013,
1968,Guadeloupe,2013,
1969,Guam,2013,
1970,Guatemala,2013,289.9788
1971,Guinea,2013,
1972,Guinea-Bissau,2013,
1973,Guyana,2013,
1974,Haiti,2013,629.2739
1975,Holy See,2013,
1976,Honduras,2013,270.7616
1977,Hong Kong,2013,782.4102
1978,Hungary,2013,275.62
1979,Iceland,2013,0.129
1980,India,2013,782.2719
1981,Indonesia,2013,666.6189
1982,Iran,2013,582.1191
1983,Iraq,2013,1182.5296
1984,Ireland,2013,435.119
1985,Isle of Man,2013,
1986,Israel,2013,694.555
1987,Italy,2013,319.473
1988,Jamaica,2013,663.2449
1989,Japan,2013,568.673
1990,Jordan,2013,639.3961
1991,Kazakhstan,2013,437.1552
1992,Kenya,2013,279.1918
1993,Kiribati,2013,
1994,Kosovo,2013,975.77
1995,Kuwait,2013,740.5444
1996,Kyrgyzstan,2013,95.0966
1997,Laos,2013,
1998,Latvia,2013,154.2166
1999,Lebanon,2013,740.3317
2000,Lesotho,2013,
2001,Liberia,2013,
2002,Libya,2013,653.1851
2003,Liechtenstein,2013,
2004,Lithuania,2013,144.5549
2005,Luxembourg,2013,275.404
2006,Macao,2013,
2007,Macedonia,2013,710.6785
2008,Madagascar,2013,
2009,Malawi,2013,
2010,Malaysia,2013,693.0989
2011,Maldives,2013,
2012,Mali,2013,
2013,Malta,2013,727.3629
2014,Marshall Islands,2013,
2015,Martinique,2013,
2016,Mauritania,2013,
2017,Mauritius,2013,812.0256
2018,Mayotte,2013,
2019,Mexico,2013,481.741
2020,Micronesia,2013,
2021,Moldova,2013,375.4641
2022,Monaco,2013,
2023,Mongolia,2013,691.6006
2024,Montenegro,2013,389.3589
2025,Montserrat,2013,
2026,Morocco,2013,646.5428
2027,Mozambique,2013,11.7625
2028,Myanmar,2013,214.7914
2029,Namibia,2013,57.1014
2030,Nauru,2013,
2031,Nepal,2013,1.9451
2032,Netherlands,2013,384.062
2033,Netherlands Antilles,2013,
2034,New Caledonia,2013,
2035,New Zealand,2013,154.692
2036,Nicaragua,2013,343.9731
2037,Niger,2013,554.9264
2038,Nigeria,2013,411.6794
2039,Niue,2013,
2040,Norfolk Island,2013,
2041,North Korea,2013,292.0858
2042,Northern Mariana Islands,2013,
2043,Norway,2013,12.832
2044,Oman,2013,568.219
2045,Pakistan,2013,418.3312
2046,Palau,2013,
2047,Panama,2013,325.0392
2048,Papua New Guinea,2013,
2049,Paraguay,2013,0.0
2050,Peru,2013,251.1582
2051,Philippines,2013,576.9491
2052,Pitcairn,2013,
2053,Poland,2013,635.562
2054,Portugal,2013,274.443
2055,Puerto Rico,2013,
2056,Qatar,2013,496.5792
2057,Republic of Congo,2013,253.5295
2058,Reunion,2013,
2059,Romania,2013,341.1124
2060,Russia,2013,343.5686
2061,Rwanda,2013,
2062,Saint Helena,2013,
2063,Saint Kitts and Nevis,2013,
2064,Saint Lucia,2013,
2065,Saint Pierre and Miquelon,2013,
2066,Saint Vincent and the Grenadines,2013,
2067,Samoa,2013,
2068,San Marino,2013,
2069,Sao Tome and Principe,2013,
2070,Saudi Arabia,2013,727.0362
2071,Senegal,2013,583.7099
2072,Serbia,2013,665.7422
2073,Seychelles,2013,
2074,Sierra Leone,2013,
2075,Singapore,2013,455.5032
2076,Sint Maarten,2013,
2077,Slovakia,2013,189.743
2078,Slovenia,2013,314.843
2079,Solomon Islands,2013,
2080,Somalia,2013,
2081,South Africa,2013,941.4913
2082,South Korea,2013,512.703
2083,South Sudan,2013,856.1271
2084,Spain,2013,244.815
2085,Sri Lanka,2013,335.9301
2086,State of Palestine,2013,
2087,Sudan,2013,189.6238
2088,Suriname,2013,405.4538
2089,Svalbard and Jan Mayen Islands,2013,
2090,Swaziland,2013,
2091,Sweden,2013,35.157
2092,Switzerland,2013,36.712
2093,Syria,2013,555.6161
2094,Taiwan,2013,575.3675
2095,Tajikistan,2013,2.3058
2096,Tanzania,2013,478.9493
2097,Thailand,2013,528.9348
2098,Timor-Leste,2013,
2099,Togo,2013,206.5054
2100,Tokelau,2013,
2101,Tonga,2013,
2102,Trinidad and Tobago,2013,651.3805
2103,Tunisia,2013,443.3845
2104,Turkey,2013,428.68
2105,Turkmenistan,2013,859.4768
2106,Turks and Caicos Islands,2013,
2107,Tuvalu,2013,
2108,Uganda,2013,
2109,Ukraine,2013,364.3111
2110,United Arab Emirates,2013,620.1381
2111,United Kingdom,2013,455.98
2112,United States of America,2013,482.256
2113,United States Virgin Islands,2013,
2114,Uruguay,2013,124.2655
2115,Uzbekistan,2013,465.2491
2116,Vanuatu,2013,
2117,Venezuela,2013,247.5576
2118,Viet Nam,2013,355.441
2119,Wallis and Futuna Islands,2013,
2120,Western Sahara,2013,
2121,Yemen,2013,748.1739
2122,Zambia,2013,2.382
2123,Zimbabwe,2013,700.6917
2124,Afghanistan,2014,
2125,Albania,2014,0.0
2126,Algeria,2014,507.9131
2127,American Samoa,2014,
2128,Andorra,2014,
2129,Angola,2014,362.9059
2130,Anguilla,2014,
2131,Antigua and Barbuda,2014,
2132,Argentina,2014,393.8591
2133,Armenia,2014,200.1961
2134,Aruba,2014,
2135,Australia,2014,734.749
2136,Austria,2014,151.976
2137,Azerbaijan,2014,460.2849
2138,Bahamas,2014,
2139,Bahrain,2014,754.0351
2140,Bangladesh,2014,586.6227
2141,Barbados,2014,
2142,Belarus,2014,277.3446
2143,Belgium,2014,201.271
2144,Belize,2014,
2145,Benin,2014,697.1902
2146,Bermuda,2014,
2147,Bhutan,2014,
2148,Bolivia,2014,413.502
2149,Bosnia and Herzegovina,2014,829.1463
2150,Botswana,2014,1587.4482
2151,Brazil,2014,160.1817
2152,British Virgin Islands,2014,
2153,Brunei Darussalam,2014,625.5557
2154,Bulgaria,2014,454.7287
2155,Burkina Faso,2014,
2156,Burundi,2014,
2157,Cambodia,2014,396.7986
2158,Cameroon,2014,175.3892
2159,Canada,2014,146.294
2160,Cape Verde,2014,
2161,Cayman Islands,2014,
2162,Central African Republic,2014,
2163,Chad,2014,
2164,Chile,2014,399.183
2165,China,2014,652.7068
2166,Colombia,2014,185.5679
2167,Comoros,2014,
2168,Cook Islands,2014,
2169,Costa Rica,2014,72.7139
2170,Cote d'Ivoire,2014,454.1182
2171,Croatia,2014,200.9772
2172,Cuba,2014,769.8861
2173,Curacao,2014,687.6532
2174,Cyprus,2014,655.7832
2175,Czech Republic,2014,455.424
2176,Dem. Rep. Congo,2014,0.8203
2177,Denmark,2014,204.43
2178,Djibouti,2014,
2179,Dominica,2014,
2180,Dominican Republic,2014,548.1863
2181,Ecuador,2014,352.6386
2182,Egypt,2014,421.4127
2183,El Salvador,2014,264.4
2184,Equatorial Guinea,2014,
2185,Eritrea,2014,857.8973
2186,Estonia,2014,732.048
2187,Ethiopia,2014,1.0007
2188,Faeroe Islands,2014,
2189,Falkland Islands,2014,
2190,Fiji,2014,
2191,Finland,2014,165.958
2192,France,2014,48.898
2193,French Guiana,2014,
2194,French Polynesia,2014,
2195,Gabon,2014,460.2383
2196,Gambia,2014,
2197,Georgia,2014,108.753
2198,Germany,2014,440.54
2199,Ghana,2014,242.8195
2200,Gibraltar,2014,750.2172
2201,Greece,2014,667.243
2202,Greenland,2014,
2203,Grenada,2014,
2204,Guadeloupe,2014,
2205,Guam,2014,
2206,Guatemala,2014,306.307
2207,Guinea,2014,
2208,Guinea-Bissau,2014,
2209,Guyana,2014,
2210,Haiti,2014,782.7754
2211,Holy See,2014,
2212,Honduras,2014,445.9288
2213,Hong Kong,2014,795.1919
2214,Hungary,2014,269.405
2215,Iceland,2014,0.129
2216,India,2014,812.8108
2217,Indonesia,2014,736.4092
2218,Iran,2014,567.2471
2219,Iraq,2014,1176.8175
2220,Ireland,2014,425.202
2221,Isle of Man,2014,
2222,Israel,2014,649.776
2223,Italy,2014,308.258
2224,Jamaica,2014,615.1678
2225,Japan,2014,554.037
2226,Jordan,2014,655.9556
2227,Kazakhstan,2014,444.1766
2228,Kenya,2014,168.4469
2229,Kiribati,2014,
2230,Kosovo,2014,1009.8728
2231,Kuwait,2014,701.7102
2232,Kyrgyzstan,2014,116.9186
2233,Laos,2014,
2234,Latvia,2014,145.3504
2235,Lebanon,2014,713.2154
2236,Lesotho,2014,
2237,Liberia,2014,
2238,Libya,2014,659.5249
2239,Liechtenstein,2014,
2240,Lithuania,2014,115.5276
2241,Luxembourg,2014,265.292
2242,Macao,2014,
2243,Macedonia,2014,750.836
2244,Madagascar,2014,
2245,Malawi,2014,
2246,Malaysia,2014,665.6251
2247,Maldives,2014,
2248,Mali,2014,
2249,Malta,2014,712.6593
2250,Marshall Islands,2014,
2251,Martinique,2014,
2252,Mauritania,2014,
2253,Mauritius,2014,827.8855
2254,Mayotte,2014,
2255,Mexico,2014,457.068
2256,Micronesia,2014,
2257,Moldova,2014,395.0309
2258,Monaco,2014,
2259,Mongolia,2014,678.4564
2260,Montenegro,2014,468.9619
2261,Montserrat,2014,
2262,Morocco,2014,707.8142
2263,Mozambique,2014,41.3329
2264,Myanmar,2014,279.2525
2265,Namibia,2014,8.984
2266,Nauru,2014,
2267,Nepal,2014,28.8259
2268,Netherlands,2014,404.27
2269,Netherlands Antilles,2014,
2270,New Caledonia,2014,
2271,New Zealand,2014,130.436
2272,Nicaragua,2014,330.8283
2273,Niger,2014,676.3174
2274,Nigeria,2014,415.9628
2275,Niue,2014,
2276,Norfolk Island,2014,
2277,North Korea,2014,339.6692
2278,Northern Mariana Islands,2014,
2279,Norway,2014,13.081
2280,Oman,2014,548.7145
2281,Pakistan,2014,425.2557
2282,Palau,2014,
2283,Panama,2014,351.9302
2284,Papua New Guinea,2014,
2285,Paraguay,2014,0.0574
2286,Peru,2014,254.1013
2287,Philippines,2014,603.996
2288,Pitcairn,2014,
2289,Poland,2014,629.922
2290,Portugal,2014,265.879
2291,Puerto Rico,2014,
2292,Qatar,2014,497.0696
2293,Republic of Congo,2014,265.896
2294,Reunion,2014,
2295,Romania,2014,314.2583
2296,Russia,2014,319.6686
2297,Rwanda,2014,
2298,Saint Helena,2014,
2299,Saint Kitts and Nevis,2014,
2300,Saint Lucia,2014,
2301,Saint Pierre and Miquelon,2014,
2302,Saint Vincent and the Grenadines,2014,
2303,Samoa,2014,
2304,San Marino,2014,
2305,Sao Tome and Principe,2014,
2306,Saudi Arabia,2014,711.1488
2307,Senegal,2014,583.8491
2308,Serbia,2014,616.1077
2309,Seychelles,2014,
2310,Sierra Leone,2014,
2311,Singapore,2014,440.9032
2312,Sint Maarten,2014,
2313,Slovakia,2014,178.949
2314,Slovenia,2014,233.249
2315,Solomon Islands,2014,
2316,Somalia,2014,
2317,South Africa,2014,1009.3647
2318,South Korea,2014,494.891
2319,South Sudan,2014,854.3525
2320,Spain,2014,255.192
2321,Sri Lanka,2014,545.2631
2322,State of Palestine,2014,
2323,Sudan,2014,176.6843
2324,Suriname,2014,374.5422
2325,Svalbard and Jan Mayen Islands,2014,
2326,Swaziland,2014,
2327,Sweden,2014,30.829
2328,Switzerland,2014,34.15
2329,Syria,2014,537.24
2330,Taiwan,2014,580.9225
2331,Tajikistan,2014,10.8703
2332,Tanzania,2014,389.2164
2333,Thailand,2014,531.3023
2334,Timor-Leste,2014,
2335,Togo,2014,135.2465
2336,Tokelau,2014,
2337,Tonga,2014,
2338,Trinidad and Tobago,2014,619.8005
2339,Tunisia,2014,458.061
2340,Turkey,2014,478.023
2341,Turkmenistan,2014,811.2903
2342,Turks and Caicos Islands,2014,
2343,Tuvalu,2014,
2344,Uganda,2014,
2345,Ukraine,2014,370.4403
2346,United Arab Emirates,2014,643.3694
2347,United Kingdom,2014,409.378
2348,United States of America,2014,478.882
2349,United States Virgin Islands,2014,
2350,Uruguay,2014,43.0529
2351,Uzbekistan,2014,464.853
2352,Vanuatu,2014,
2353,Venezuela,2014,243.4356
2354,Viet Nam,2014,354.8956
2355,Wallis and Futuna Islands,2014,
2356,Western Sahara,2014,
2357,Yemen,2014,736.8368
2358,Zambia,2014,18.3914
2359,Zimbabwe,2014,674.6229
